"North Addr, Golden Valley, AZ 86413, USA"
"Alambagh, Lucknow, Uttar Pradesh, India"
"Kendriya Vidyalaya, Vikas Khand 1, Vikas Khand, Gomti Nagar, Lucknow, Uttar Pradesh 226010, India"
"Hazratganj, Lucknow, Uttar Pradesh 226001, India"
"Sector 8, Vikas Nagar, Lucknow, Uttar Pradesh 226022, India"
"Vipul Khand, Vipul Khand 4, Gomti Nagar, Lucknow, Uttar Pradesh 226010, India"
"Aliganj, Lucknow, Uttar Pradesh, India"
"Sapru Marg, Hazratganj, Lucknow, Uttar Pradesh 226001, India"
"3, Kanpur Road, Hind Nagar, Sector C1, LDA Colony, Lucknow, Uttar Pradesh 226012, India"
"B-40, Sector Q Road, Sector K, Aliganj, Lucknow, Uttar Pradesh 226024, India"
"Gomti Nagar, Lucknow, Uttar Pradesh, India"
"Lalbagh, Lucknow, Uttar Pradesh, India"
"Bhoothnath Market, Sector 5, Indira Nagar, Lucknow, Uttar Pradesh 226016, India"
"Lalbagh, Lucknow, Uttar Pradesh, India"
"Park Road, Hazratganj, Lucknow, Uttar Pradesh 226001, India"
"Police Chowki Puraniya Chauraha, Sector L, Aliganj, Lucknow, Uttar Pradesh 226020, India"
"Shalimar Tower, Kathauta Chauraha Road, Vibhuti Khand, Gomti Nagar, Lucknow, Uttar Pradesh 226010, India"
"Aliganj, Lucknow, Uttar Pradesh, India"
"F/2/B/1, River Bank Colony, Qaiserbagh, Lucknow, Uttar Pradesh 226018, India"
